<?xml version="1.0" encoding="UTF-8"?>
<project-private xmlns="http://www.netbeans.org/ns/project-private/1">
    <editor-bookmarks xmlns="http://www.netbeans.org/ns/editor-bookmarks/2" lastBookmarkId="0"/>
    <open-files xmlns="http://www.netbeans.org/ns/projectui-open-files/2">
        <group>
            <file>file:/C:/Users/yilme/Documents/NetBeansProjects/JavaApplication9/src/Modelo/Celda.java</file>
            <file>file:/C:/Users/yilme/Documents/NetBeansProjects/JavaApplication9/src/Vista/ShowLaberinto.java</file>
            <file>file:/C:/Users/yilme/Documents/NetBeansProjects/JavaApplication9/src/Vista/Main.java</file>
            <file>file:/C:/Users/yilme/Documents/NetBeansProjects/JavaApplication9/src/Controlador/Laberinto.java</file>
            <file>file:/C:/Users/yilme/Documents/NetBeansProjects/JavaApplication9/src/Vista/ContenedorLaberinto.java</file>
            <file>file:/C:/Users/yilme/Documents/NetBeansProjects/JavaApplication9/src/Modelo/arrayList.java</file>
            <file>file:/C:/Users/yilme/Documents/NetBeansProjects/JavaApplication9/src/Modelo/Node.java</file>
            <file>file:/C:/Users/yilme/Documents/NetBeansProjects/JavaApplication9/src/Controlador/GenerarLaberinto.java</file>
        </group>
    </open-files>
</project-private>
